created_at,text,url,replies,retweets,favorites,user
10/16/17 22:59,"I'm grateful to @SenJohnMcCain for his lifetime of service to our country. Congratulations, John, on receiving this year's Liberty Medal.",https://twitter.com/BarackObama/status/920061541986250758,17064,89916,641842,BarackObama
10/2/17 12:41,Michelle &amp; I are praying for the victims in Las Vegas. Our thoughts are with their families &amp; everyone enduring another senseless tragedy.,https://twitter.com/BarackObama/status/914832655170011137,21588,405895,1715753,BarackObama
9/30/17 2:22,Proud to cheer on Team USA at the Invictus Games today with my friend Joe. You represent the best of our country. https://t.co/WBzcltmgqj,https://twitter.com/BarackObama/status/913952069765271559,8476,60651,503255,BarackObama
9/26/17 17:03,"We're expanding our efforts to help Puerto Rico &amp; the USVI, where our fellow Americans need us right now. Join us a_ https://t.co/gkrp1RwXR4",https://twitter.com/BarackObama/status/912724426709504000,10657,113807,334901,BarackObama
9/25/17 23:36,"Prosecutor, soldier, family man, citizen. Beau made us want to be better. What a legacy to leave. What a testament_ https://t.co/XDtkLu32wd",https://twitter.com/BarackObama/status/912460861758955523,3886,58449,328106,BarackObama
9/20/17 16:32,RT @gatesfoundation: President @BarackObama addresses #Goalkeepers17 starting at 12:40 PM. Tune in here: https://t.co/XmHBErSHYw,https://twitter.com/BarackObama/status/910542207991590917,846,2615,11273,BarackObama
9/20/17 2:30,Thinking about our neighbors in Mexico and all our Mexican-American friends tonight. Cuidense mucho y un fuerte abrazo para todos.,https://twitter.com/BarackObama/status/910330388219916290,23160,448792,1502386,BarackObama
9/18/17 20:07,"Coding is important  and fun. @CSforAll, thanks for your work to make sure every kid can compete in a high-tech, g_ https://t.co/xwlnvxsjKb",https://twitter.com/BarackObama/status/909871642423197696,2616,31487,151759,BarackObama
9/13/17 14:08,Michelle and I want the @ObamaFoundation to inspire and empower people to change the world. Here's how we're gettin_ https://t.co/xY0UhBSvqp,https://twitter.com/BarackObama/status/907969359695491072,6290,65752,263743,BarackObama
9/11/17 15:32,We remember everyone we lost on 9/11 and honor all who defend our country and our ideals. No act of terror will ever change who we are.,https://twitter.com/BarackObama/status/907265689832103936,15531,351102,1385291,BarackObama
9/10/17 15:56,"RT @GeorgeHWBush: Across the U.S., Americans have answered the call to help with hurricane recovery. Praying for all Floridians. #Irma http_",https://twitter.com/BarackObama/status/906909155918786561,789,6538,33440,BarackObama
9/8/17 21:34,Proud of these McKinley Tech studentsinspiring young minds that make me hopeful about our future. https://t.co/nqYC1mjjTB,https://twitter.com/BarackObama/status/906269510231056385,4884,31634,238120,BarackObama
9/7/17 23:06,Americans always answer the call. https://t.co/SV1jixOExu https://t.co/ktEvL6s89d,https://twitter.com/BarackObama/status/905930380783620097,9214,101788,335960,BarackObama
9/5/17 18:52,"To target hopeful young strivers who grew up here is wrong, because theyve done nothing wrong. My statement: https://t.co/TCxZdld7L4",https://twitter.com/BarackObama/status/905141484386750469,35983,390715,935216,BarackObama
8/27/17 23:14,Thank you to all the first responders and people helping each other out. That's what we do as Americans. Here's one_ https://t.co/I3RHWyZe31,https://twitter.com/BarackObama/status/901946021437206528,24509,249252,842435,BarackObama
8/17/17 19:15,Michelle and I are thinking of the victims and their families in Barcelona. Americans will always stand with our Spanish friends. Un abrazo.,https://twitter.com/BarackObama/status/898261944095789056,26424,323911,1632230,BarackObama
8/13/17 0:06,"""...For love comes more naturally to the human heart than its opposite."" - Nelson Mandela",https://twitter.com/BarackObama/status/896523357272911872,19037,415656,1418251,BarackObama
8/13/17 0:06,"""People must learn to hate, and if they can learn to hate, they can be taught to love...""",https://twitter.com/BarackObama/status/896523304873238528,21458,502519,1589046,BarackObama
8/13/17 0:06,"""No one is born hating another person because of the color of his skin or his background or his religion..."" https://t.co/InZ58zkoAm",https://twitter.com/BarackObama/status/896523232098078720,70275,1712802,4603556,BarackObama
7/20/17 0:49,"John McCain is an American hero &amp; one of the bravest fighters I've ever known. Cancer doesn't know what it's up against. Give it hell, John.",https://twitter.com/BarackObama/status/887836712822558720,29569,419444,2108869,BarackObama
6/22/17 19:41,Health care has always been about something bigger than politics: it's about the character of our country. https://t.co/UqLO14Hef7,https://twitter.com/BarackObama/status/877974755592228868,25250,132574,448286,BarackObama
6/18/17 15:09,"Of all that I've done in my life, I'm most proud to be Sasha and Malia's dad. To all those lucky enough to be a dad_ https://t.co/XSqMhcSuvR",https://twitter.com/BarackObama/status/876456804305252353,23066,258471,1374117,BarackObama
6/2/17 17:35,"On this National Gun Violence Awareness Day, let your voice be heard and show your commitment to reducing gun viole_ https://t.co/S7dth6Ywb0",https://twitter.com/BarackObama/status/870695481290117120,15179,73103,392953,BarackObama
5/29/17 13:09,Forever grateful for the service and sacrifice of all who fought to protect our freedoms and defend this country we_ https://t.co/BwRS0onlOL,https://twitter.com/BarackObama/status/869178832082874369,9654,133048,710229,BarackObama
5/27/17 13:15,Good to see my friend Prince Harry in London to discuss the work of our foundations &amp; offer condolences to victims_ https://t.co/f1U8It8AmE,https://twitter.com/BarackObama/status/868455601663332353,6934,76083,499554,BarackObama
5/25/17 14:13,"Through faith, love, and resolve the character of the people of Manchester has shown itself.  Our thoughts &amp; prayer_ https://t.co/xyMer891Zo",https://twitter.com/BarackObama/status/867745464329883648,4777,43565,221251,BarackObama
5/23/17 16:56,Our hearts go out to those killed and wounded in Manchester. Americans will always stand shoulder to shoulder with the people of the UK.,https://twitter.com/BarackObama/status/867061620027076608,11479,225577,1047869,BarackObama
5/22/17 21:16,"Excited to hear from Sierra, Imani, Filiz, and Benedikt who are making a difference at home and abroad. See you in_ https://t.co/bF1kB1GvxC",https://twitter.com/BarackObama/status/866764702600359937,2284,10006,84220,BarackObama
5/14/17 14:01,"Happy Mother's Day to my love and partner on this journey @MichelleObama, and to all the wonderful, hardworking mothers out there.",https://twitter.com/BarackObama/status/863756100948156416,9384,113753,741881,BarackObama
5/3/17 19:42,"We're rolling up our sleeves again, back where it all started. Join us at https://t.co/GYkEOK8EuT. https://t.co/UlyvNrQvZR",https://twitter.com/BarackObama/status/859855649689174019,5572,24274,123062,BarackObama
5/2/17 17:19,"Well said, Jimmy. That's exactly why we fought so hard for the ACA, and why we need to protect it for kids like Bil_ https://t.co/jB3LXT94Ok",https://twitter.com/BarackObama/status/859457313232605184,8556,131656,510123,BarackObama
4/24/17 19:48,RT @ObamaFoundation: Its a beautiful day on the South Side. https://t.co/PtoaFbww0s,https://twitter.com/BarackObama/status/856595671796895745,3135,12070,59829,BarackObama
3/23/17 13:00,My heart goes out to the victims and their families in London. No act of terror can shake the strength and resilience of our British ally.,https://twitter.com/BarackObama/status/844896595179180034,16525,145851,824879,BarackObama
3/19/17 15:51,"Chuck Berry rolled over everyone who came before him  and turned up everyone who came after.  We'll miss you, Chuck.  Be good.",https://twitter.com/BarackObama/status/843490091519623169,8751,68251,408068,BarackObama
3/8/17 21:14,"On International Womens Day, @MichelleObama and I are inspired by all of you who embrace your power to drive chang_ https://t.co/Er9mIQlmgr",https://twitter.com/BarackObama/status/839585255703080968,7915,52500,276941,BarackObama
3/2/17 19:00,RT @ObamaFoundation: Courage comes in many forms. Who in your local community or neighborhood leads by example? #ProfileInCourage https://t_,https://twitter.com/BarackObama/status/837376982354694144,3149,6870,35479,BarackObama
3/2/17 15:22,Humbled to be recognized by a family with a legacy of service. Who's your #ProfileInCourage? Tell me about them:_ https://t.co/25Ohhab8Xn,https://twitter.com/BarackObama/status/837322131834875904,5469,18723,106647,BarackObama
2/17/17 19:37,We asked. You answered. https://t.co/mAJvko6VqR,https://twitter.com/BarackObama/status/832675462325243906,7251,27138,119106,BarackObama
2/14/17 15:34,"Happy Valentines Day, @michelleobama! Almost 28 years with you, but it always feels new. https://t.co/O0UhJWoqGN",https://twitter.com/BarackObama/status/831527113211645959,15788,263004,1118302,BarackObama
1/22/17 18:07,I read letters like these every single day. It was one of the best parts of the job  hearing from you. https://t.co/so1luBcszV,https://twitter.com/BarackObama/status/823230505546117120,14820,36145,241247,BarackObama
1/20/17 21:17,RT @ObamaFoundation: Add your voice: https://t.co/mA9MSHmi7o https://t.co/Uf7oEvkZF3,https://twitter.com/BarackObama/status/822553543479541761,5561,50220,164135,BarackObama
1/20/17 21:05,"In the meantime, I want to hear what you're thinking about the road ahead. So share your ideas with me here: https://t.co/GYkEOK8EuT",https://twitter.com/BarackObama/status/822550536469803009,14795,54281,240283,BarackObama
1/20/17 21:04,"Hi everybody! Back to the original handle. Is this thing still on? Michelle and I are off on a quick vacation, then well get back to work.",https://twitter.com/BarackObama/status/822550300942856193,72451,439263,1876877,BarackObama
1/10/17 23:44,"Tonight, President Obama reflects on eight years of progress. Watch the #FarewellAddress at 9 pm ET: https://t.co/ZnwTsg155B #ObamaFarewell",https://twitter.com/BarackObama/status/818966711995088896,6175,13945,76360,BarackObama
11/5/16 16:31,"RT @OFA: ""Thanks to the Affordable Care Act, your coverage is better today than it was before.""Watch the weekly address: https://t.co/Pfk_",https://twitter.com/BarackObama/status/794940142867902465,5601,3954,24773,BarackObama
11/5/16 15:38,"In the weekly address, President Obama discusses what #Obamacare has done to improve health care. https://t.co/VdQlyrSZhx",https://twitter.com/BarackObama/status/794926969829920768,6368,4581,29044,BarackObama
11/4/16 22:16,"Let's keep working to keep our economy on a better, stronger course. https://t.co/bV2BVjyj7a",https://twitter.com/BarackObama/status/794664579834015745,3928,9502,46260,BarackObama
11/4/16 18:25,The landmark #ParisAgreement enters into force todaywe must keep up the momentum to #ActOnClimate. https://t.co/Cyw5Udaoro,https://twitter.com/BarackObama/status/794606453197774849,1288,6150,25260,BarackObama
11/4/16 16:12,"The economy added 161,000 jobs in October, and wages are up 2.8 percent over the past year. https://t.co/pJxjgLnjCt #JobsReport",https://twitter.com/BarackObama/status/794572967258640384,1498,3937,17343,BarackObama
11/3/16 21:02,There are a lot of plans out there. Check your options and lock in the one that's best for you: https://t.co/buFY9ozDz4 #GetCovered,https://twitter.com/BarackObama/status/794283659079520256,745,1503,8769,BarackObama
11/3/16 19:08,"The positive impact of #Obamacare is undeniable, but there's one big factor holding many states back: https://t.co/7XebIdRX34",https://twitter.com/BarackObama/status/794255026570993664,964,1867,11054,BarackObama
11/3/16 17:22,RT @POTUS: It happened: @Cubs win World Series. That's change even this South Sider can believe in. Want to come to the White House before_,https://twitter.com/BarackObama/status/794228145310154752,4573,73795,277246,BarackObama
11/2/16 18:22,Tens of millions of Americans have benefited from #Obamacare. Make sure you're one of them. #GetCovered https://t.co/e1KoXcPtpU,https://twitter.com/BarackObama/status/793881038862757888,1303,2145,11403,BarackObama
11/2/16 15:13,"Thanks to #Obamacare, quality health care is available to everyone. The marketplace is now openmake sure you and y_ https://t.co/89gl6pzMGD",https://twitter.com/BarackObama/status/793833434850349056,1328,3191,14412,BarackObama
11/2/16 0:15,RT @lacasablanca: La t_pica Latina tarda 22 meses en ganar lo que un hombre blanco gana en 12 meses. Tenemos que cerrar la brecha salarial._,https://twitter.com/BarackObama/status/793607477057228800,416,1690,8770,BarackObama
11/1/16 22:26,"RT @WhiteHouse: On #LatinaEqualPay Day, we mark the work that remains to ensure that all Americans receive equal pay for equal work. https:_",https://twitter.com/BarackObama/status/793579933201231880,458,2390,9912,BarackObama
11/1/16 20:17,Community organizing never goes out of style. Shop now: https://t.co/LXEbQdKLLT https://t.co/E56ofoU36i,https://twitter.com/BarackObama/status/793547555204280320,570,903,5921,BarackObama
11/1/16 17:55,"With #Obamacare, people can focus on treatment for pre-existing conditions without the fear of coverage being cappe_ https://t.co/jvdFY87XBu",https://twitter.com/BarackObama/status/793511799643451392,718,2255,10173,BarackObama
11/1/16 15:54,"The Obamacare marketplace is now open. If you're uninsured, now is the time to shop for a plan and #GetCovered._ https://t.co/Spjlga4eTT",https://twitter.com/BarackObama/status/793481260370792449,369,1026,5299,BarackObama
10/31/16 22:17,RT @FLOTUS: Open enrollment starts tomorrow! Check out your options at https://t.co/dg57hwz5of and share your #GetCovered story. https://t._,https://twitter.com/BarackObama/status/793215353656487936,1270,3324,13931,BarackObama
10/31/16 22:09,Lions and Tiggers and bears! Oh my! #HappyHalloween https://t.co/iU4fjBhi0Y,https://twitter.com/BarackObama/status/793213251077103617,909,6843,32781,BarackObama
10/31/16 20:12,Usted y su familia merecen la tranquilidad de saber que estn cubiertos. El mercado de seguros abre maana. https://t.co/9iRCkLRGZD,https://twitter.com/BarackObama/status/793183793993519104,254,957,5039,BarackObama
10/31/16 18:08,"Speak up in support of quality, affordable health care for all. https://t.co/rGsSguMxvj",https://twitter.com/BarackObama/status/793152790881112064,329,914,4783,BarackObama
10/31/16 17:00,There's nothing to be scared of when searching for health insurance. Three in four people can #GetCovered for less_ https://t.co/BUmnRO9B3E,https://twitter.com/BarackObama/status/793135531471233024,622,1719,7273,BarackObama
10/31/16 15:33,Open enrollment begins tomorrowmake sure you and your loved ones #GetCovered. https://t.co/2aak7Bt0s3,https://twitter.com/BarackObama/status/793113673527009280,344,973,4563,BarackObama
10/30/16 22:21,"RT @OFA: Witch plan is best for you? Thanks to Obamacare, even pre-existing conditions can't stop you from comparing your options. #GetCove_",https://twitter.com/BarackObama/status/792853954518327296,195,550,2695,BarackObama
10/28/16 16:50,Senate leaders' obstruction of our Supreme Court nomination process is unacceptable. Say so: https://t.co/t3pYMO8Fp0 #DoYourJob,https://twitter.com/BarackObama/status/792045944384749569,719,1328,5313,BarackObama
10/28/16 15:07,Senate leaders should put the common good above politicsthe integrity of our nation's highest court depends on it._ https://t.co/iRVCEl1pzf,https://twitter.com/BarackObama/status/792020035430735872,739,3671,12865,BarackObama
10/27/16 22:17,Don't ghost on your health and well-beingyour chance to #GetCovered is coming up. Open enrollment starts November_ https://t.co/qwNLazuPiz,https://twitter.com/BarackObama/status/791765789795684353,476,1201,5905,BarackObama
10/27/16 21:31,Climate change is happening now. Denial is dangerous. https://t.co/0Nlf8Fst4u,https://twitter.com/BarackObama/status/791754307347492864,654,4351,10378,BarackObama
10/27/16 20:24,"If you're willing to work hard and play by the rules, you should be able to get ahead. https://t.co/394hdJttgO",https://twitter.com/BarackObama/status/791737295254675457,546,1972,8217,BarackObama
10/27/16 18:55,President Obama lays out just a few of the ways in which #Obamacare has helped millions of Americans. https://t.co/qeqHRLz0ID,https://twitter.com/BarackObama/status/791714897348268032,1143,1781,7340,BarackObama
10/27/16 17:04,New report: Renewable energy installations are beating fossil fuel installations for the first time. https://t.co/MMhIdu4jzt #ActOnClimate,https://twitter.com/BarackObama/status/791687049417928704,233,1545,4747,BarackObama
10/27/16 15:27,Obamacare has helped millions of Americans gain the peace of mind that comes with coverage. Show your support: https://t.co/NfrG7DHL5C,https://twitter.com/BarackObama/status/791662543584362496,353,997,4714,BarackObama
10/26/16 19:32,"This is what happens when we focus on building an economy that works for everyone, not just those at the top. https://t.co/op3Z74rPeI",https://twitter.com/BarackObama/status/791361893986291712,471,2112,6882,BarackObama
10/26/16 17:33,"No one's too wrapped up in pre-existing conditions to #GetCovered. Thanks to Obamacare, you can find a plan that m_ https://t.co/C7H9TZdxeU",https://twitter.com/BarackObama/status/791331973314727936,479,1467,7163,BarackObama
10/26/16 16:26,Help protect the progress we've made in helping millions of Americans get covered. Add your name now: https://t.co/HQSZKPl1eH,https://twitter.com/BarackObama/status/791315070588379136,310,751,3625,BarackObama
10/26/16 15:01,DYK: Most people can find a plan for less than $75 per month. Open enrollment starts on November 1. #GetCovered https://t.co/9RGG5Pr4mb,https://twitter.com/BarackObama/status/791293617163804673,439,976,3815,BarackObama
10/25/16 19:55,"Women, the sick, survivorsthey all deserve fair treatment in our health care system. #Obamacare https://t.co/G948HN7pzV",https://twitter.com/BarackObama/status/791005180145786880,614,2243,9429,BarackObama
10/25/16 18:01,Don't get tripped up by misinformation. Join the @OFA Truth Team today: https://t.co/wJZj1QCxXm https://t.co/vwwDgFHq6A,https://twitter.com/BarackObama/status/790976567249731584,347,786,3146,BarackObama
10/25/16 16:24,"RT @SecBurwell: Most people shopping on @HealthCareGov will again find plans with premiums of less than $75/month, thanks to financial assi_",https://twitter.com/BarackObama/status/790952188948340736,212,411,1355,BarackObama
10/25/16 15:25,Be proud of the progress we've made togetherwear the mark of this movement. https://t.co/fYf2O9WAwG https://t.co/1Z4yJmYh4E,https://twitter.com/BarackObama/status/790937285789306880,372,941,4845,BarackObama
10/24/16 21:32,Strong policies that help working families get ahead are good for our economy. https://t.co/QRRhibjZCl,https://twitter.com/BarackObama/status/790667378023501825,572,1758,6827,BarackObama
10/24/16 20:11,The four-week average of jobless claims fell to the lowest level since 1973a sign of a healthy labor market. https://t.co/Lv7DnRM2DY,https://twitter.com/BarackObama/status/790646938437685248,294,1343,4511,BarackObama
10/24/16 18:52,"Since 2010, America's uninsured rate has been cut in half. Help build on that progressjoin Team #Obamacare today: https://t.co/MhIICuE17A",https://twitter.com/BarackObama/status/790626992433397760,309,713,3289,BarackObama
10/24/16 17:06,"RT @OFA: It's working. It's saving lives. And we're not going back. Retweet to show your support. https://t.co/YOBeMMSYP8",https://twitter.com/BarackObama/status/790600480875352064,166,1474,2908,BarackObama
10/24/16 15:21,"Health care is a right, not a privilegeand #Obamacare works to protect that right for millions of Americans. https://t.co/B7fO8rhggW",https://twitter.com/BarackObama/status/790573868335308801,753,2718,11204,BarackObama
10/21/16 20:47,Don't get tripped up by misinformation. Join the @OFA Truth Team today: https://t.co/09BpA6F9Ne https://t.co/Nxgp87o4iq,https://twitter.com/BarackObama/status/789568706837901315,601,840,3201,BarackObama
10/21/16 16:40,Being able to stay on a parent's plan enables millions of young adults to make choices about their future with the_ https://t.co/1lSzxCHZVf,https://twitter.com/BarackObama/status/789506728316502016,553,2488,11904,BarackObama
10/21/16 14:55,"""Because of Obamacare, another 20 million Americans now know the financial security of health insurance."" https://t.co/eNd6J8bMxm",https://twitter.com/BarackObama/status/789480358345453568,667,1633,7523,BarackObama
10/20/16 20:42,Stand up for the law that's helped 20 million more Americans gain health coverage. Join Team @Obamacare today: https://t.co/XiNXrgnPoF,https://twitter.com/BarackObama/status/789205082210390018,459,957,4457,BarackObama
10/20/16 18:47,"There's still more work to do, but let's celebrate how far we've come. https://t.co/kUVWn68kJw",https://twitter.com/BarackObama/status/789176114597859330,396,1436,6752,BarackObama
10/20/16 17:52,LIVE: President Obama is in Miami talking about the progress made possible by the Affordable Care Act. https://t.co/7FsQXut07O,https://twitter.com/BarackObama/status/789162509823455232,234,551,2600,BarackObama
10/20/16 17:29,"RT @WhiteHouse: Each day, @POTUS reads 10 letters from Americans. Today, we're sharing some of the letters written about #ACA: https://t.co_",https://twitter.com/BarackObama/status/789156519740788737,278,737,2927,BarackObama
10/20/16 16:54,Tune in at 1:55 p.m. ET to watch President Obama speak about the successes of the Affordable Care Act. https://t.co/7FsQXut07O,https://twitter.com/BarackObama/status/789147820695486464,186,437,2217,BarackObama
10/20/16 15:35,There's a lot of misinformation floating around. Make sure you've got the factsjoin the @OFA Truth Team:_ https://t.co/SpfRFK5LWq,https://twitter.com/BarackObama/status/789127975140601856,304,998,3571,BarackObama
10/19/16 20:10,"From coast to coast, editorial boards are denouncing Senate obstructionism. Take a look: https://t.co/vqDr2bBiVr #DoYourJob",https://twitter.com/BarackObama/status/788834727054630913,284,945,3307,BarackObama
10/19/16 18:07,"Our Supreme Court has been short a justice for far too long. #DoYourJob, Senate leaders. https://t.co/yJlejtHjr0",https://twitter.com/BarackObama/status/788803700286291969,314,1342,4322,BarackObama
10/19/16 15:56,"RT @SecBurwell: Today, 20M more Americans have coverage thanks to the #ACA. Our uninsured rate is the lowest in our nations history. Lowes_",https://twitter.com/BarackObama/status/788770735489552385,289,945,2873,BarackObama
10/19/16 15:09,The need for a ninth justice is undeniably clear. #DoYourJob https://t.co/L1EBgNbh3Q,https://twitter.com/BarackObama/status/788758927617826816,479,2384,7526,BarackObama
10/18/16 20:00,We can't afford to let this be the new normal. https://t.co/nJzyfz2Zlw #ActOnClimate,https://twitter.com/BarackObama/status/788469915527163905,479,1833,4373,BarackObama
10/18/16 18:25,Denying climate change is dangerous. Join @OFA supporters in standing up for bold action now: https://t.co/JZnvlb080l #ActOnClimate,https://twitter.com/BarackObama/status/788445867900489728,273,685,2791,BarackObama
10/18/16 17:10,"Climate change is real, but so is the progress we're making to #ActOnClimate. Let's keep it up. https://t.co/GOFKXQblGJ",https://twitter.com/BarackObama/status/788426999626731521,456,2014,8122,BarackObama
10/18/16 15:45,This is just the latest step forward in the push to #ActOnClimate. https://t.co/UDInkidKkP,https://twitter.com/BarackObama/status/788405579316277248,233,792,3287,BarackObama
10/17/16 22:14,Read why @FLOTUS is fighting to ensure that girls everywhere have access to quality education. https://t.co/xleq3HHSZt #LetGirlsLearn,https://twitter.com/BarackObama/status/788141079795163136,283,1340,5485,BarackObama
10/17/16 21:07,"Wildfires in the next few decades could be ""unrecognizable"" to previous generationsbecause of climate change: https://t.co/vM3xM6mCf3",https://twitter.com/BarackObama/status/788124404886540288,217,1177,3166,BarackObama
10/17/16 18:46,Senate leaders are blocking the Supreme Court nomination for their own political gaindon't be silent: https://t.co/OMdTVim0TC #DoYourJob,https://twitter.com/BarackObama/status/788088844771926016,309,1367,3775,BarackObama
10/17/16 16:32,"RT @WhiteHouse: ""Nobody should be priced out of a higher education."" @POTUS on the progress we've made: https://t.co/4YohVv7Qea https://t._",https://twitter.com/BarackObama/status/788055101445287936,154,683,1790,BarackObama
10/17/16 15:33,RT @WHLive: Watch as @POTUS speaks on the progress made to ensure every student has the opportunity to realize their potential: https://t.c_,https://twitter.com/BarackObama/status/788040236982939648,115,368,1316,BarackObama
10/17/16 15:30,Senate leaders have recognized Judge Garland's impeccable credentials in the past. He deserves a fair hearing and a_ https://t.co/w9bPtpSmm7,https://twitter.com/BarackObama/status/788039460411682817,352,3429,11144,BarackObama
10/14/16 21:17,We need a fully functional Supreme Court. Editorial boards across the country agree: https://t.co/BkLrNaTtzN #DoYourJob,https://twitter.com/BarackObama/status/787039774330748928,477,1025,3699,BarackObama
10/14/16 19:20,The American Bar Association gave Judge Garland its highest rating. Senate leaders: #DoYourJob and fill the #SCOTUS_ https://t.co/iTVTqGIUvV,https://twitter.com/BarackObama/status/787010142378332160,464,5479,13995,BarackObama
10/14/16 17:31,Denying climate change is dangerous. Join @OFA supporters in standing up for bold action now: https://t.co/7MDQGYgX2u #ActOnClimate,https://twitter.com/BarackObama/status/786982739517943808,232,693,2701,BarackObama
10/14/16 16:18,"Cynics, take note: When we #ActOnClimate, we build a stronger future. https://t.co/wHHMdo2ro6",https://twitter.com/BarackObama/status/786964419905523712,282,1075,4153,BarackObama
10/13/16 21:30,"""Thats how we will overcome the challenges we face: by unleashing the power of all of us for all of us."" Read more: https://t.co/VxpwLIR4uF",https://twitter.com/BarackObama/status/786680553617629185,538,1950,6720,BarackObama
10/13/16 20:29,Check out the most recent editorial boards calling on Senate leaders to vote on Judge Garland: https://t.co/hzuhZYevfo #DoYourJob,https://twitter.com/BarackObama/status/786665200711786496,136,721,2546,BarackObama
10/13/16 18:29,"Senate leaders have undercut the functionality of the Supreme Court, and that's unacceptable. #DoYourJob https://t.co/5HFXhgTMoP",https://twitter.com/BarackObama/status/786634894629740544,457,2528,8804,BarackObama
10/13/16 16:53,Senate leaders' political games are handicapping the Supreme Courtand judgeships across the country. https://t.co/PhKOBKXLmS #DoYourJob,https://twitter.com/BarackObama/status/786610870180646913,182,1014,3140,BarackObama
10/13/16 15:24,"RT @WIRED: After eight years in office, @POTUS remains optimistic about the world's future. His essay as WIREDs guest editor: https://t.co_",https://twitter.com/BarackObama/status/786588412656562176,195,2583,5089,BarackObama
10/12/16 21:02,LIVE: President Obama is speaking at a reception celebrating #HispanicHeritageMonth. https://t.co/FK0ytbKw1q,https://twitter.com/BarackObama/status/786311063025451012,220,521,2192,BarackObama
10/12/16 20:54,"RT @WhiteHouse: In honor of #HispanicHeritageMonth, we celebrate the progress that Hispanic Americans have made under @POTUS: https://t.co/_",https://twitter.com/BarackObama/status/786309121393856512,96,505,1545,BarackObama
10/12/16 19:43,Support the bold steps we're taking against climate change. Say you're ready to #ActOnClimate: https://t.co/EtwjaKgYFW,https://twitter.com/BarackObama/status/786291325486309381,158,529,2217,BarackObama
10/12/16 17:57,"Last week, more than 190 countries reached a landmark deal to reduce carbon pollution from aviation. https://t.co/LRYkXVw3rO #ActOnClimate",https://twitter.com/BarackObama/status/786264508436058112,184,884,3539,BarackObama
10/12/16 16:35,Let's leave our children and grandchildren a planet that's healthier than the one we have today. #ActOnClimate https://t.co/mP29bpRdU9,https://twitter.com/BarackObama/status/786243954601660417,429,3741,12277,BarackObama
10/12/16 15:25,Climate change's effects are devastating. Denying the science behind it does nothing to help. https://t.co/Rww40wwgD9 #ActOnClimate,https://twitter.com/BarackObama/status/786226181318123523,244,1250,3431,BarackObama
10/11/16 23:59,"""On behalf of Michelle and our family, Gmar Chatimah Tovah."" President Obama #YomKippur",https://twitter.com/BarackObama/status/785993169460527104,219,1660,7497,BarackObama
10/11/16 21:18,"""LGBT individuals deserve to know their country stands beside them."" President Obama #NationalComingOutDay https://t.co/op7nBzbaod",https://twitter.com/BarackObama/status/785952655113723904,638,20697,44500,BarackObama
10/11/16 20:02,The Supreme Court must remain above politics. Judge Garland needs a hearing and a vote. #DoYourJob https://t.co/eVSPSIFNpB,https://twitter.com/BarackObama/status/785933569365450752,369,3099,10124,BarackObama
10/11/16 18:38,Don't stand idly by while Senate leaders continue to block Judge Garland from a fair hearing and vote: https://t.co/TSavHP3mHg #DoYourJob,https://twitter.com/BarackObama/status/785912543210377216,174,895,3158,BarackObama
10/11/16 17:26,"Judge Garland is just as qualified now as he was in 1997, Senate leaders. It's time to #DoYourJob. https://t.co/j1lEkdMYV6",https://twitter.com/BarackObama/status/785894365298208769,198,2335,7263,BarackObama
10/11/16 15:31,Dispel misinformation with facts from the @OFA Truth Team. https://t.co/zjexLUJXAC,https://twitter.com/BarackObama/status/785865432486014980,157,428,1800,BarackObama
10/7/16 22:03,"The uninsured rate is the lowest it's been in decades, thanks to #Obamacare. Spread the word._ https://t.co/ZkN8HVbn3E",https://twitter.com/BarackObama/status/784514411604041729,711,1813,6597,BarackObama
10/7/16 20:38,Deadline tonighthelp rein in payday lenders that succeed by targeting vulnerable Americans: https://t.co/7OlpH6OFek #StopTheDebtTrap,https://twitter.com/BarackObama/status/784493195061239808,208,636,2304,BarackObama
10/7/16 19:54,The Obama administration and @CFPB are working to protect consumers and #StopTheDebtTrap. https://t.co/UMO01OUkdh,https://twitter.com/BarackObama/status/784482008730734592,177,580,2514,BarackObama
10/7/16 18:02,"Our economy is on a better, stronger course. https://t.co/yzB6x7CExJ",https://twitter.com/BarackObama/status/784453805706534916,254,593,2516,BarackObama
10/7/16 16:16,The economic progress we've made is undeniablelet's keep it up. https://t.co/gAlfaC1hkI,https://twitter.com/BarackObama/status/784427310703345664,259,1100,3808,BarackObama
10/7/16 15:14,Check out President Obama's essay in @TheEconomist on the unique challenges the American economy faces. https://t.co/jKJNCrQALL,https://twitter.com/BarackObama/status/784411527193456640,172,1170,3267,BarackObama
10/7/16 13:59,"The economy added 156,000 jobs in Septemberextending the longest streak of total job growth on record.",https://twitter.com/BarackObama/status/784392680008712192,352,2168,7907,BarackObama
10/6/16 18:35,ICYMI: Read about the historic #ParisAgreement and what it means for the fight to #ActOnClimate. https://t.co/eMefgFZk53,https://twitter.com/BarackObama/status/784099769425596418,217,716,2605,BarackObama
10/6/16 17:22,"RT @WhiteHouse: This is #SXSL: The White House festival of ideas, art, and action. Take a peek inside: https://t.co/BbvvMEaQTF https://t.co_",https://twitter.com/BarackObama/status/784081476434272256,116,687,2070,BarackObama
10/6/16 15:48,The cost of clean energy technology dropped significantly over the last eight years. Get the chart: https://t.co/fuGQMXeRYb #ActOnClimate,https://twitter.com/BarackObama/status/784057869549252608,154,886,3236,BarackObama
10/5/16 21:30,This historic step in the fight to #ActOnClimate came faster than anyone predicted. https://t.co/W2rtcNXkI7,https://twitter.com/BarackObama/status/783781468719943680,297,1314,5478,BarackObama
10/5/16 20:44,"""Today is a historic day in the fight to protect our planet for future generations."" President Obama #ActOnClimate https://t.co/x3dJSCYUcj",https://twitter.com/BarackObama/status/783769909146845184,280,1754,6095,BarackObama
10/5/16 19:30,LIVE: President Obama is delivering a statement on the Paris Climate Agreement. https://t.co/mNpQ6QyA91,https://twitter.com/BarackObama/status/783751285212258304,135,462,1842,BarackObama
10/5/16 15:50,Read from @NYTopinion about why filling the Supreme Court vacancy is crucial for our democracy: https://t.co/zuSWzxSaqW #DoYourJob,https://twitter.com/BarackObama/status/783695919006920704,202,738,2366,BarackObama
10/4/16 20:30,Enough is enough. Say it's time for Senate leaders to get to work: https://t.co/2M789YIcBk #DoYourJob,https://twitter.com/BarackObama/status/783404014054412288,229,659,2637,BarackObama
10/4/16 18:28,"""Everybody cares about their kids, their grandkids, and the kind of world we pass on to them."" President Obama https://t.co/cfxpSBNWIU",https://twitter.com/BarackObama/status/783373180861767681,353,2011,7027,BarackObama
10/4/16 16:53,Take what matters with you. https://t.co/E0hXWSu1q3 https://t.co/KJJdkE8DML,https://twitter.com/BarackObama/status/783349420951674880,259,715,3371,BarackObama
10/4/16 15:08,"We've come a long way, but the fight for fairness and an economy that works for everyone continues. https://t.co/WWRhZHwYWE",https://twitter.com/BarackObama/status/783322842955862020,294,1616,6412,BarackObama
10/3/16 19:57,RT @NatGeoChannel: Tonight @POTUS will be joined by @LeoDiCaprio for a conversation on combating climate change: https://t.co/yCN9K74Jnj #S_,https://twitter.com/BarackObama/status/783033210745655296,148,1315,2530,BarackObama
10/3/16 18:24,Side-by-side for 24 years. Here's to many more. #HappyAnniversary https://t.co/nh8Xfc7IWU,https://twitter.com/BarackObama/status/783009809356304385,2216,122590,311762,BarackObama
10/3/16 16:55,"RT @WhiteHouse: Today, @POTUS is bringing something new to the South Lawn. Find out why: https://t.co/JvtZFKpQKZ",https://twitter.com/BarackObama/status/782987406949486592,165,329,1151,BarackObama
10/3/16 15:30,Facts matter. Stay informed with the @OFA Truth Team: https://t.co/O8PhOX5jJ3,https://twitter.com/BarackObama/status/782966115248910337,212,438,1916,BarackObama
10/1/16 16:06,"RT @OFA: ""Since I took office, another ten million private-sector workers have gained paid sick leave."" President Obama https://t.co/Ud3vq_",https://twitter.com/BarackObama/status/782250219027128320,137,445,1536,BarackObama
10/1/16 14:46,"In the weekly address, President Obama discusses why access to paid leave is so important. https://t.co/q9kDEqYs5u #LeadOnLeave",https://twitter.com/BarackObama/status/782230260767084545,243,799,3635,BarackObama
9/30/16 21:32,Parents shouldn't have to choose between a paycheck and taking care of a sick child at home. #LeadOnLeave https://t.co/FF4hTkgOZy,https://twitter.com/BarackObama/status/781970043894632448,304,2217,8564,BarackObama
9/30/16 20:11,"After thirty years in Congress, Senator, this should not be your proudest accomplishment. https://t.co/FwGAJsBCoo_ https://t.co/86F1fhUWsp",https://twitter.com/BarackObama/status/781949494631858176,408,2042,5236,BarackObama
9/30/16 17:47,We need a fully functioning Supreme Court. Speak up if you agree it's time for a hearing and a vote: https://t.co/d6nmum1Ut7 #DoYourJob,https://twitter.com/BarackObama/status/781913425496662016,175,942,3400,BarackObama
9/30/16 15:57,"There has never been a more qualified nominee, Senate leaders. He deserves a fair hearing and a vote. #DoYourJob https://t.co/qtzcY3iwyl",https://twitter.com/BarackObama/status/781885668016332800,323,3157,9855,BarackObama
9/29/16 21:55,It's the Senate's job to fairly consider Supreme Court nominees. Their refusal to do so is unacceptable: https://t.co/s8FdCa0tq6 #DoYourJob,https://twitter.com/BarackObama/status/781613479589470208,312,1046,3582,BarackObama
9/29/16 19:41,"""Everybody gets sick."" Check out what President Obama is doing to extend access to paid sick leave: https://t.co/gOAc2HAkQg #LeadOnLeave",https://twitter.com/BarackObama/status/781579567358095360,167,648,2782,BarackObama
9/29/16 17:59,RT @ErnestMoniz: THIS is what a #CleanEnergy revolution looks like. New report out today  https://t.co/o13p5fPNDg #ActOnClimate https://t._,https://twitter.com/BarackObama/status/781553914092990464,53,313,734,BarackObama
9/29/16 16:33,Never underestimate the strength and resilience of the American economy. https://t.co/OFTN2FlRtq,https://twitter.com/BarackObama/status/781532250143719424,286,1319,5485,BarackObama
9/29/16 15:12,RT @Slate: President Obama answers Slates questions about his administrations new rule extending paid sick leave: https://t.co/8AdEx431QN_,https://twitter.com/BarackObama/status/781512097167384576,40,253,955,BarackObama
9/28/16 17:49,The @OFA Truth Team makes it easy to stay informed. Join today: https://t.co/Q0axQYyJY1,https://twitter.com/BarackObama/status/781189166126264321,198,335,1510,BarackObama
9/28/16 15:16,"This is no accidentwe're making a comeback because together, we've fought hard to support American families. https://t.co/LTk7SiTexP",https://twitter.com/BarackObama/status/781150531943211010,573,3122,10979,BarackObama
9/27/16 21:04,We're better off than we were eight years ago. https://t.co/OwrTM3V78t,https://twitter.com/BarackObama/status/780875664953978881,592,2586,7095,BarackObama
9/27/16 19:42,"Household incomes are up, and the poverty rate is down across all demographics. https://t.co/cEIdPJuuvR",https://twitter.com/BarackObama/status/780855089946726400,258,1035,3370,BarackObama
9/27/16 16:57,"As long as Senate leaders keep refusing to do their jobs, @OFA supporters will continue speaking out against their_ https://t.co/DkmDKpMhOw",https://twitter.com/BarackObama/status/780813534376538112,281,2834,8391,BarackObama
9/27/16 15:28,Senate leaders have blocked Judge Garland's hearing for over six months now. Keep pushing: https://t.co/AGrUjJTnST #DoYourJob,https://twitter.com/BarackObama/status/780791269060595712,140,833,2701,BarackObama
9/26/16 20:58,"Important, tough conversations require solid facts. Get them from the @OFA Truth Team: https://t.co/5YH9zVeayn https://t.co/dD1EPgaA9W",https://twitter.com/BarackObama/status/780511904485605376,230,981,3439,BarackObama
9/26/16 18:59,"These are high praises from the American Bar Associationand yet, Senate leaders refuse to even consider Judge Garl_ https://t.co/ryPFLZDAhY",https://twitter.com/BarackObama/status/780481839177748480,334,2349,7313,BarackObama
9/26/16 17:27,Senate leaders' unprecedented obstruction of the Supreme Court nomination must end. Your voice matters: https://t.co/yhy8al1FK7 #DoYourJob,https://twitter.com/BarackObama/status/780458668122791936,136,736,2298,BarackObama
9/26/16 15:55,The American people are waiting for Senate leaders to do their jobs. https://t.co/LNqAQpxMle,https://twitter.com/BarackObama/status/780435649971167232,250,1421,4401,BarackObama
9/23/16 21:12,Senate leaders have blocked Judge Garland's hearing for over six months now. Keep pushing: https://t.co/peV6aCYswa #DoYourJob,https://twitter.com/BarackObama/status/779428314012200960,433,775,2400,BarackObama
9/23/16 20:05,"Senate leaders need to work for the good of the American people, not seek out political points. https://t.co/Tdx3xk6gYi",https://twitter.com/BarackObama/status/779411464830320640,397,2131,6826,BarackObama
9/23/16 19:03,Watch President Obama and @CEAChair Jason Furman discuss the positive gains the American economy has made. https://t.co/J28Crn3WAP,https://twitter.com/BarackObama/status/779395875239895042,155,449,1649,BarackObama
9/23/16 18:02,Here are 16 broken records we shouldn't be proud of. https://t.co/x98dGgEloW,https://twitter.com/BarackObama/status/779380553334140932,282,4309,6996,BarackObama
9/23/16 16:57,Stay informed. Stay engaged. Speak up. Join the @OFA Truth Team: https://t.co/GVTL4HrTXw,https://twitter.com/BarackObama/status/779363981177843712,142,444,1556,BarackObama
9/23/16 15:57,"Another record broken: 16 months in a row of undeniable, record-breaking heat. https://t.co/qMAH7nFf5I #ActOnClimate",https://twitter.com/BarackObama/status/779348972670517248,215,1415,2654,BarackObama
9/22/16 22:18,Happy #FirstDayofFall. https://t.co/ix02MNuOud,https://twitter.com/BarackObama/status/779082523963863041,721,13814,41344,BarackObama
9/22/16 21:21,We can't sit idly by. Climate change is likely to threaten our national securitywe must act now._ https://t.co/6QQmpf27W0,https://twitter.com/BarackObama/status/779068216018468864,363,1532,4972,BarackObama
9/22/16 19:00,Judge Garland is highly qualified for the bencheven some Senate leaders who are now blocking his hearing have agre_ https://t.co/D5ScOCikVl,https://twitter.com/BarackObama/status/779032515302400000,281,2513,7862,BarackObama
9/22/16 17:34,Senate leaders' blind obstruction of Judge Garland's nomination sets a dangerous precedent. We can't stand idly by. https://t.co/k76I6DCDRI,https://twitter.com/BarackObama/status/779010876074438657,168,758,2406,BarackObama
9/22/16 15:58,"Enough of the shameless partisanship, Senators. #DoYourJob and fill the Supreme Court vacancy. https://t.co/vIQY0bivo4",https://twitter.com/BarackObama/status/778986879249100800,294,2312,6536,BarackObama
9/21/16 19:58,Help keep the pressure on Senate leaders to give Judge Garland a fair hearing before their next recess. https://t.co/lkLz4yidaw #DoYourJob,https://twitter.com/BarackObama/status/778684733093912576,270,752,2690,BarackObama
9/21/16 17:53,The American Bar Association gave Judge Garland its highest possible rating. He deserves a hearing and a vote._ https://t.co/FUVmGKdZgB,https://twitter.com/BarackObama/status/778653339751899136,359,3147,9368,BarackObama
9/21/16 16:34,"""Their right to inherit a healthy planet is a sacred responsibility."" President Obama #ActOnClimate https://t.co/MYumi6xiIW",https://twitter.com/BarackObama/status/778633396998156288,251,1308,4150,BarackObama
9/21/16 14:57,Communities are already experiencing the effects of climate changewe can't afford not to act. Take a look:_ https://t.co/sEjVzKqhsw,https://twitter.com/BarackObama/status/778609212599316480,309,1767,5525,BarackObama
9/20/16 19:31,"As the #UNGA meets, take a look at the progress we've made thanks to American leadership in the world. https://t.co/b4T0zGccLH",https://twitter.com/BarackObama/status/778315562623438848,477,851,3641,BarackObama
9/20/16 14:30,LIVE: President Obama is speaking at the 71st Session of the United Nations General Assembly. https://t.co/J8cm9QquER #UNGA,https://twitter.com/BarackObama/status/778239848566194176,282,643,2249,BarackObama
9/19/16 15:24,LIVE: President Obama is delivering a statement in New York. https://t.co/MJUr8C84Wd,https://twitter.com/BarackObama/status/777891139848253441,436,682,2808,BarackObama
9/16/16 22:24,President Obama commemorates #HispanicHeritageMonth in an address to @CHCI. https://t.co/oTVX7zOyFD,https://twitter.com/BarackObama/status/776909671055568896,607,1270,4295,BarackObama
9/16/16 21:23,Senate leaders are putting politics above their basic responsibility to hold a hearing for Judge Garland. #DoYourJob https://t.co/N7vH2ncwmb,https://twitter.com/BarackObama/status/776894274055000064,500,3495,8112,BarackObama
9/16/16 19:55,"Six months is long enough, senators. It's time to #DoYourJob and give Judge Garland a hearing. https://t.co/A2Yedmhuw6",https://twitter.com/BarackObama/status/776872058089267201,218,944,3089,BarackObama
9/16/16 18:55,RT @OFA: Friendly reminder for Senate leaders on #ConstitutionDay2016: https://t.co/my5zUWxb6j,https://twitter.com/BarackObama/status/776856997195022336,55,359,908,BarackObama
9/16/16 17:24,"The Supreme Court should remain above partisan politics, Senator. https://t.co/DlWud7Rh3K #DoYourJob https://t.co/Wjd96qn9Hf",https://twitter.com/BarackObama/status/776834111566516224,261,1227,3311,BarackObama
9/16/16 15:54,Progress starts with a conversation. Make sure you have the facts to get yours started: https://t.co/MxWdiJxz4o https://t.co/Q3iP0Jwg1t,https://twitter.com/BarackObama/status/776811448651558912,227,959,3438,BarackObama
9/15/16 21:24,"When we protect our lands and waters, it helps us protect our climate for future generations. #ActOnClimate https://t.co/8tygZI0TDR",https://twitter.com/BarackObama/status/776532109498339328,634,4567,15643,BarackObama
9/15/16 18:51,"""There is no 'election year' exception in Article II."" Sen. Leahy calls on senators to give Judge Garland a hearing: https://t.co/VjxClMdqUg",https://twitter.com/BarackObama/status/776493584572780545,204,1311,4048,BarackObama
9/15/16 16:39,"President Obama just made history by protecting nearly 5,000 square miles off the New England coast. https://t.co/i8MAFYU60k #OurOcean",https://twitter.com/BarackObama/status/776460530584133633,216,2512,6930,BarackObama
9/15/16 15:15,LIVE: President Obama is speaking at the 2016 Our Ocean Conference. https://t.co/ALK46jhUpw #OurOcean,https://twitter.com/BarackObama/status/776439380281925632,110,402,1735,BarackObama
9/15/16 14:25,"RT @WhiteHouse: BREAKING: @POTUS will designate the first-ever marine monument in the Atlantic Ocean: https://t.co/t33G5z2QpK https://t.co/_",https://twitter.com/BarackObama/status/776426790109650944,95,1049,2621,BarackObama
9/14/16 20:45,We need nine justices for a fully functioning Supreme Courtand editorial boards across the country agree. https://t.co/WD42qmgXpO,https://twitter.com/BarackObama/status/776160016483033088,360,1497,4779,BarackObama
9/14/16 19:05,"RT @cspan: .@RepJohnLewis on #GunViolence: ""The time for silence is over."" https://t.co/zUUX02jNnN",https://twitter.com/BarackObama/status/776134671415451648,128,719,1507,BarackObama
9/14/16 17:50,We can't let Senate leaders ignore their constitutional responsibilities. https://t.co/ExY5wZcWi6 #DoYourJob https://t.co/IwO7CAoVm2,https://twitter.com/BarackObama/status/776115966161793025,412,1497,4160,BarackObama
9/14/16 16:40,Stay informed. Stay engaged. Speak up. Join the @OFA Truth Team: https://t.co/b0eae4PXDX,https://twitter.com/BarackObama/status/776098253800484866,162,360,1502,BarackObama
9/14/16 15:24,The U.S. is on track to hit two million solar installations within the next two years. Momentum is building: https://t.co/dTb4M3J4MY,https://twitter.com/BarackObama/status/776079054512369668,277,1731,5906,BarackObama
9/13/16 21:14,Time is almost up for Senate leaders to do the right thing and fill the #SCOTUS vacancy. https://t.co/rPbzUkZAUE #DoYourJob,https://twitter.com/BarackObama/status/775804899049078784,232,597,2152,BarackObama
9/13/16 20:09,"Median household income:  Poverty rate: Uninsured rate: Middle-class economics works. https://t.co/ThPXBSux09",https://twitter.com/BarackObama/status/775788508841517057,843,3806,12601,BarackObama
9/13/16 19:11,"In 2015, we saw the fastest household income growth on record and the largest drop in the poverty rate since 1968. https://t.co/Kyw1vuhont",https://twitter.com/BarackObama/status/775773838403436544,278,1470,4278,BarackObama
9/13/16 16:15,"RT @WhiteHouse: Fastest household income growth on record Largest drop in poverty rate since 1968  https://t.co/qK505KUeuP https://_",https://twitter.com/BarackObama/status/775729726107201536,234,1048,2142,BarackObama
9/13/16 15:00,The Supreme Court must remain above partisanship. Senate leaders: The time to fill the vacant seat is now. https://t.co/7mmbuXjsPO,https://twitter.com/BarackObama/status/775710721027952640,435,3453,10172,BarackObama
9/12/16 20:24,ICYMI: This is a really big deal. https://t.co/raNeUV5fRd,https://twitter.com/BarackObama/status/775429955253481473,584,2575,8436,BarackObama
9/12/16 18:55,"Vice President Biden speaks on the ""dangerous precedent"" Senate leaders are setting by refusing to do their jobs. https://t.co/W1A7Oyb4gB",https://twitter.com/BarackObama/status/775407521167126528,262,1586,4879,BarackObama
9/12/16 17:36,These are records we can't keep breaking. We must work together to #ActOnClimate. https://t.co/sTxNR10sjK,https://twitter.com/BarackObama/status/775387720285683712,354,3055,6343,BarackObama
9/12/16 15:09,Meaningful action on climate change can't wait. President Obama explains why in this @nytimes interview. https://t.co/zbaDcpztIW,https://twitter.com/BarackObama/status/775350531812265984,213,1281,4134,BarackObama
9/9/16 21:05,"We need to keep up efforts to fight climate change at every levellocally, nationally, globally. #ActOnClimate https://t.co/L10qdkgPDg",https://twitter.com/BarackObama/status/774353170159968259,739,3547,10358,BarackObama
9/9/16 20:15,"RT @FactsOnClimate: BREAKING: A new strategy to harness the power of wind means more jobs, less pollution: https://t.co/s0I0CmalFL https://_",https://twitter.com/BarackObama/status/774340573310353408,144,721,1881,BarackObama
9/9/16 19:16,Senate leaders are back in session. Keep the pressure highcall out their obstructionism. https://t.co/eThTUbIMH0 #DoYourJob,https://twitter.com/BarackObama/status/774325506065985536,187,637,2247,BarackObama
9/9/16 17:47,There's no need to overcomplicate the process. #DoYourJob https://t.co/QgaNgKNBzJ,https://twitter.com/BarackObama/status/774303257023963136,196,1300,3643,BarackObama
9/9/16 15:08,We must take bold steps nowclimate change is already impacting millions of people. https://t.co/ZWBgt0XEWt #ActOnClimate,https://twitter.com/BarackObama/status/774263324032790528,302,1335,3918,BarackObama
9/8/16 19:39,"Congress is back, and they have important work to do before their next recess. Make sure you say where you stand: https://t.co/Ll1Croa3Ui",https://twitter.com/BarackObama/status/773969076171309056,269,913,3380,BarackObama
9/8/16 18:35,"RT @VPLive: ""Every nominee, including Kennedy in an election yeargot an up or down vote"" @VP on serving as Senate Judiciary Chairman or R_",https://twitter.com/BarackObama/status/773952874833321984,41,318,1036,BarackObama
9/8/16 17:39,Stay in the loop with important facts. Join @OFA's Truth Team: https://t.co/2KkNrPgHPL https://t.co/FDOocrpQvU,https://twitter.com/BarackObama/status/773938870421368832,192,472,2064,BarackObama
9/7/16 21:47,Rising sea levels are already flooding homes and roads along America's coasts. The time to #ActOnClimate is now. https://t.co/OplSsyTHEX,https://twitter.com/BarackObama/status/773638787549188096,401,1802,4445,BarackObama
9/7/16 20:00,"Fewer Americans are uninsured than ever before, thanks to #Obamacare. https://t.co/tFbGtiPzWL",https://twitter.com/BarackObama/status/773612008889421824,363,828,2987,BarackObama
9/7/16 17:48,Congress is back from recess. Help put the pressure on Senate leaders to give Judge Garland a hearing: https://t.co/F4eATpElMT #DoYourJob,https://twitter.com/BarackObama/status/773578682350702592,272,794,2706,BarackObama
9/7/16 15:53,The process is clear. The Supreme Court and American people are waiting for Senate leaders to get to work. https://t.co/1YzeZLIcAT,https://twitter.com/BarackObama/status/773549731901349888,487,3150,10028,BarackObama
9/6/16 21:57,Senate leaders have 32 days before their next recess to give Judge Garland a hearing and a vote. Call them out now: https://t.co/IV1AGOEDag,https://twitter.com/BarackObama/status/773279043726618624,435,1018,3141,BarackObama
9/6/16 20:19,"The Paris Climate Agreement is a big deal in the fight against climate changeand now, a big step closer to reality. https://t.co/5vd6n0BFgG",https://twitter.com/BarackObama/status/773254286855712769,207,1176,3811,BarackObama
9/6/16 18:57,The United States is leading the way in the fight to #ActOnClimate. https://t.co/vkUMjg6XKc,https://twitter.com/BarackObama/status/773233683608199168,145,576,2416,BarackObama
9/6/16 16:58,"Conservation not only protects diverse lands and species, it's also an important part of battling climate change. https://t.co/gjvhHNPFKL",https://twitter.com/BarackObama/status/773203627125055488,174,1214,4168,BarackObama
9/6/16 15:03,"""When we protect our lands, it helps us protect the climate for the future."" President Obama #ActOnClimate https://t.co/qdoCgYPQom",https://twitter.com/BarackObama/status/773174849346768896,283,1273,4662,BarackObama
9/5/16 16:03,President Obama has a message for America's workers todaycheck it out: https://t.co/KlPj1YGeQ4 #LaborDay https://t.co/qzbHAfRXNs,https://twitter.com/BarackObama/status/772827439126966272,413,862,3807,BarackObama
9/3/16 17:01,"In the weekly address, President Obama commemorates the labor movement that helped build this country. https://t.co/JsZvcpTyee",https://twitter.com/BarackObama/status/772117278464679937,1288,1092,4798,BarackObama
9/3/16 16:06,RT @WhiteHouse: It's official: The U.S. and China have entered into the #ParisAgreement: https://t.co/RQIMfGp7rg https://t.co/7IPK6WAeZD,https://twitter.com/BarackObama/status/772103576697049089,276,2851,5566,BarackObama
9/2/16 22:27,"Recess is almost over, and editorial boards across the country are calling for Senate leaders to do their jobs. https://t.co/Pr78WaT0V2",https://twitter.com/BarackObama/status/771836881495584768,818,2517,7915,BarackObama
9/2/16 19:59,"When Americans stand together, there's no challenge too great to solvenot even climate change. #ActOnClimate today: https://t.co/5mqlv3ZXas",https://twitter.com/BarackObama/status/771799796344512512,429,702,2831,BarackObama
9/2/16 18:28,"Unemployment: Deficits: Uninsured rate: Jobs: +15.1 million https://t.co/mWcAgfM8zn",https://twitter.com/BarackObama/status/771776767581360128,529,2676,8430,BarackObama
9/2/16 17:01,"It's been a long road, but we're far better off than we were eight years ago. https://t.co/o8UdtCezYE",https://twitter.com/BarackObama/status/771755042391097345,477,2433,8572,BarackObama
9/2/16 15:10,"The economy added 151,000 jobs in Augustextending the longest streak of total job growth on record.",https://twitter.com/BarackObama/status/771727047710412800,452,2349,8877,BarackObama
9/1/16 21:06,Senate leaders return from recess next week. They need to get to work on a vote for Judge Garlandsay so. https://t.co/pdRYkz7kFV #DoYourJob,https://twitter.com/BarackObama/status/771454141801439233,349,840,3106,BarackObama
9/1/16 19:33,"Recess is almost over, and editorial boards across the country are calling for Senate leaders to do their jobs. https://t.co/ScbkMVcovu",https://twitter.com/BarackObama/status/771430763069788160,398,2681,9071,BarackObama
9/1/16 17:07,"RT @WhiteHouse: ""There's no conflict between a healthy economy and a healthy planet."" @POTUS https://t.co/kLOKgyiEvf https://t.co/GL2z2FHN_",https://twitter.com/BarackObama/status/771394007196798976,168,949,2356,BarackObama
9/1/16 16:00,"Stay in the loop with important facts, brought to you weekly. Join @OFA's Truth Team: https://t.co/YNdzkLi9cb",https://twitter.com/BarackObama/status/771377146820300800,125,340,1478,BarackObama
8/31/16 19:42,Senate leaders need to hear you expect a vote on Judge Garland when recess endssay you'll let them know: https://t.co/ETmcpsRRY6 #DoYourJob,https://twitter.com/BarackObama/status/771070737624866816,378,767,2821,BarackObama
8/31/16 17:38,We can't afford to have a Supreme Court that's short-handed. Here's why: https://t.co/XcIRdewObs,https://twitter.com/BarackObama/status/771039428986871808,146,700,2384,BarackObama
8/31/16 16:24,"The American people need their legislators to be dedicated to solutions, not obstruction. #DoYourJob https://t.co/mrTXe8sti6",https://twitter.com/BarackObama/status/771020947184754688,377,3069,7685,BarackObama
8/30/16 22:17,Senate leaders have a job to dojoin the thousands reminding them when they reconvene next week. https://t.co/FWsdVnejYH #DoYourJob,https://twitter.com/BarackObama/status/770747342249046017,316,740,2658,BarackObama
8/30/16 21:50,RT @WhiteHouse: .@POTUS cannot do it alone. Congress must act to enact a fairer federal sentencing system: https://t.co/eNv6u25429 https://_,https://twitter.com/BarackObama/status/770740423253909504,172,885,2267,BarackObama
8/30/16 20:03,"Summer's almost over, Senate leaders. #DoYourJob https://t.co/JOEchACJ6i",https://twitter.com/BarackObama/status/770713502583369728,371,2211,6133,BarackObama
8/30/16 18:08,"Have meaningful, fact-based conversations. Join OFA's Truth Team: https://t.co/R0cSASIGew. https://t.co/Fs4esnNcdD",https://twitter.com/BarackObama/status/770684610715930624,208,397,1783,BarackObama
8/30/16 15:35,Show off your pride in this movementgrab your Organizing&amp; tee: https://t.co/lFFWUSZljm. https://t.co/htUFnTNn28,https://twitter.com/BarackObama/status/770646196561989632,350,603,2593,BarackObama
8/29/16 21:15,Senate leaders must put country before party politics. Read why it's time to give Judge Garland a vote. https://t.co/zipWl7JgU2,https://twitter.com/BarackObama/status/770369235998511104,295,1044,3772,BarackObama
8/29/16 19:10,It's not too late for Senate leaders to give Judge Garland a fair hearing and up-or-down vote. Say you agree. https://t.co/p48z2I8Mvr,https://twitter.com/BarackObama/status/770337784343113728,255,1374,4853,BarackObama
8/29/16 17:19,"Obstructionespecially when it comes to the Supreme Courtis nothing to be proud of, @SenateMajLdr. #DoYourJob https://t.co/FwsAnwqNH2",https://twitter.com/BarackObama/status/770309835388661760,428,3393,8132,BarackObama
8/26/16 21:58,President Obama continues his track record of protecting millions of acres of federal land and water. Take a look: https://t.co/J2GXikEUvR,https://twitter.com/BarackObama/status/769292859761537024,1300,2060,7414,BarackObama
8/26/16 20:14,Speaking up is the first step. Let's build on our progress one conversation at a time. #WomensEqualityDay https://t.co/a0poSyIiqP,https://twitter.com/BarackObama/status/769266869916184576,314,2760,8066,BarackObama
8/26/16 18:45,Say you'll continue the fight to make gender equality a reality in America: https://t.co/XusbC9I8l3 #WomensEqualityDay,https://twitter.com/BarackObama/status/769244491316277249,180,718,2397,BarackObama
8/26/16 17:03,"We've come a long way, but there's still more to do to make sure women are truly treated equally. #WomensEqualityDay https://t.co/B7C0Nk27T5",https://twitter.com/BarackObama/status/769218837371842560,457,5152,13135,BarackObama
8/26/16 15:34,"Organize for change in your community, and look good doing it. https://t.co/1Flbtn2PQQ https://t.co/e5TkkUQI1A",https://twitter.com/BarackObama/status/769196294732521472,277,635,2931,BarackObama
8/25/16 22:13,"""These are our American cathedrals, and they belong to you."" Jonathan B. Jarvis, director of the @NatlParkService https://t.co/NbAXewqVsA",https://twitter.com/BarackObama/status/768934388612554752,215,1476,5309,BarackObama
8/25/16 20:24,"Happy 100th birthday, @NatlParkService. Here's to the next 100. #NPS100 https://t.co/LGShTB9l4x",https://twitter.com/BarackObama/status/768906966936596480,184,2565,9101,BarackObama
8/25/16 15:58,RT @SecretaryJewell: .@NatlParkService _ bday is a great time to look to next centuryconnecting all Americans to parks &amp; conservation.SJ h_,https://twitter.com/BarackObama/status/768840000070791168,57,425,1059,BarackObama
8/24/16 21:35,We need nine Supreme Court justices. The Senate needs to do its job and vote on Judge Garland: https://t.co/VbPUcviyZ2 #DoYourJob,https://twitter.com/BarackObama/status/768562348575428608,321,1023,3452,BarackObama
8/24/16 20:32,This is nothing more than shameless partisanship. The Supreme Court should be held in higher regard. #DoYourJob https://t.co/I0TN3csv0O,https://twitter.com/BarackObama/status/768546585735114752,423,4096,10279,BarackObama
8/24/16 18:44,Get important news delivered straight to your inboxjoin the @OFA Truth Team: https://t.co/CQa3WGnBcB,https://twitter.com/BarackObama/status/768519385669480448,133,277,1259,BarackObama
8/24/16 16:30,"Rhode Island just built America's first offshore wind farm, which will create clean energy and fight climate change. https://t.co/76pwc0JM3m",https://twitter.com/BarackObama/status/768485628648431616,333,2906,7251,BarackObama
8/24/16 15:17,America's leadership in the fight against climate change pays off in more ways than one. #ActOnClimate https://t.co/tGK9Uu5l0C,https://twitter.com/BarackObama/status/768467271580725248,393,1560,6286,BarackObama
